Okres;"Podporujeme?
(Ano/Ne)";Příjmení;Jméno;Tituly;"Datum
narození";Povolání;Nominace;Podpora;Hlídač státu;FB;Insta;Web;Média 1;Média 2;Podepsána Deklarace?;Kontakt pro dobrovolníky
3 – Cheb;ANO;Černá;Štěpánka;Mgr., MBA;1977;ředitelka školy, radní, zastupitelka (Cheb);VOK Volba pro kraj;;0;https://www.facebook.com/stepanka.dostalova.501/;0;https://vokk.cz/clenove/mgr-stepanka-cerna-mba/;https://vary.rozhlas.cz/titul-reditelka-budoucnosti-miri-do-chebu-ziskala-ho-stepanka-cerna-9568680;https://vary.rozhlas.cz/deti-se-uz-v-prvni-tride-uci-nemcinu-zakladni-skola-v-chebu-ozivila-tradici-9254912;čekáme;
3 – Cheb;NE;Keblúšek;Vladimír;;1979;bývalý reportér ČT/NOVA;Naše Česko;;0;;;;https://www.idnes.cz/karlovy-vary/zpravy/volby-2026-vladimir-keblusek-nase-cesko-kuba-senat-kandidat.A260630_948648_vary-zpravy_jzk;; ;
3 – Cheb;ANO;Plevný;Miroslav;prof. Dr. Ing.;1965;senátor, vysokoškolský učitel, ekonom, krajský zastupitel;STAN;TOP09, Zelení, Piráti, Lidovci, ODS;https://www.hlidacstatu.cz/osoba/miroslav-plevny;https://www.facebook.com/profile.php?id=100008195647052;@senator_plevny;https://www.plevny.cz/;https://www.irozhlas.cz/zpravy-domov/stavebni-novela-neni-pripravena-kritizuje-plevny-mrackova-vildumetzova_2607232300_elev;https://www.youtube.com/watch?v=LKEAWVJ_gSA;ANO;
3 – Cheb;NE;Tsoukernik;Sandra;;1986;partnerka miliardáře;ANO;;0;;;;;;;
6 – Louny;ANO;Hluštíková;Ivana;Bc.;1973;zastupitelka Loun, pedagožka;Strana zelených;Zelení, Piráti, Hnutí kruh;Ivana Hluštíková - Hlídač státu.;https://www.facebook.com/iva.hlustikova;@ivahlustikova;https://lide.pirati.cz/profil/4157/;"https://www.metro.cz/kraje/ustecky-kraj/ukrajina-valka-vyroci-vlajka-opozice-radnice.A260225_110218_metro-usti-zpravy_air#utm_source=rss&amp;utm_medium=feed&amp;utm_campaign=metroh&amp;utm_content=main";https://www.facebook.com/watch/?v=1726598121989122;ANO;
6 – Louny;NE;Mikoláš;Jaroslav;;1955;zemědělec, manažer, automobilový závodník;ANO;;0;;;;;;;
6 – Louny;ANO;Steiner;Leo;Mgr.;1971;úředník, politik, whistleblower (ROP Severozápad);JsmePRO!;;https://www.hlidacstatu.cz/osoba/leo-steiner;https://www.facebook.com/leo.steiner.39;@leo.steiner.do.senatu;https://leosteiner.cz/;https://www.irozhlas.cz/zpravy-domov/rozkryl-rop-severozapad-zastavil-dotace-agrofertu-ted-chce-steiner-vyzvat_2607221228_jgr;https://ct24.ceskatelevize.cz/video/leo-steiner-ve-studiu-ct24-157294;ANO;
6 – Louny;ANO;Trešl;Ivo;MUDr.;1972;senátor, lékař, radní - Rakovník;STAN;;https://www.hlidacstatu.cz/osoba/ivo-tresl;https://www.facebook.com/ivo.tresl.3;@ivotresl;https://ivotresl.cz/;https://rakovnicky.denik.cz/zpravy-region/ivo-tresl-z-chirurgie-jsem-mel-respekt-dnes-jsem-rad-ze-me-sem-osud-privedl-2025/;https://noviny-zblizka.cz/louny/ivo-tresl-ma-za-sebou-pet-let-v-senatu-stale-pracuje-i-jako-lekar-chut-i-energii-porad-mam-rika/;ANO;Honza.Mudra@email.cz
9 – Plzeň-město;NE;Aschenbrenner;Lumír;Ing.;1960;senátor, starosta;ODS;TOP09, Koruna Česká (monarchistická strana Čech, Moravy a Slezka);https://www.hlidacstatu.cz/osoba/lumir-aschenbrenner;https://www.facebook.com/lumir.asch;@lumiraschenbrenner;https://www.lasch.cz/lumir-aschenbrenner/;https://www.pametnaroda.cz/cs/aschenbrenner-lumir-1960;https://www.idnes.cz/plzen/zpravy/plzen-lumir-aschenbrenner-starosta-konci-ods-slovany-dlouholety-senator.A260324_896635_vary-zpravy_vb;  ;
9 – Plzeň-město;ANO;Janský;Bohumír;prof. RNDr. CSc.;1951;pedagog, geograf, hydrolog, výzkumník;SEN 21;;0;https://www.facebook.com/bohumir.jansky;@bohumirjansky;https://cs.wikipedia.org/wiki/Bohum%C3%ADr_Jansk%C3%BD;https://www.pribehynasichsousedu.cz/praha-7/praha-7-a-lysolaje-2023-2024/jansky-bohumir/;https://www.radiouniversum.cz/jansky-bohumir-1d-clovek-ovlivnuje-klima-asi-z-dvaceti-procent/;ANO;
9 – Plzeň-město;NE;Kantorová;Lucie;Mgr. et. Mgr.;1986;politička (radní Plzeň);ANO;;;;;;;;;
9 – Plzeň-město;ANO;Pousková;Daniela;MUDr.;1957;pediatrička, primářka;PRO Plzeň;Lidovci;0;https://www.facebook.com/profile.php?id=61589358617683;@daniela.pouskova;https://pouskova.cz/;https://www.idnes.cz/plzen/zpravy/daniela-pouskova-primarka-nemocnice-u-svateho-jiri-deti-pohotovost.A241120_210653_plzen-zpravy_laci;https://www.qap.cz/zpravy/clanek/lekarka-daniela-pouskova-tricet-let-pomaha-detem-ted-chce-pomahat-v-senatu-139224/;čekáme;
9 – Plzeň-město;ANO;Řehka;Karel;arm. gen. Ing.;1975;generál;Nezávislý;STAN;0;https://www.facebook.com/karel.rehka;@karel_rehka;0;https://ekonomickydenik.cz/uniformy-do-politiky-rehka-kandidatka-senat/;https://www.irozhlas.cz/zpravy-domov/prokazal-chladnokrevnost-a-vudci-schopnosti-francie-udelila-rehkovi-narodni-rad_2605071748_adn;čekáme;
9 – Plzeň-město;NE;Valenta;Jiří;PhDr. Ing. Mgr. et Mgr. DBA;1965;politik;KSČM;;;;;;;;;
12 – Strakonice;NE;Fiala;Tomáš;MUDr. Bc. MBA;1957;senátor, ředitel nemocnice;Naše Česko;;;;;;;;;
12 – Strakonice;ANO;Hrdinová;Jana;;1976;zastupitelka, výrobkyně lidových krojů, živnostnice, sourkomý zemědělec;Lidovci;STAN;0;https://www.facebook.com/jana.hrdinova.90;@janahrdinova;https://www.kdu.cz/aktualne/ruzne/kdyz-se-ti-neco-nelibi-tak-to-zmen;https://www.irozhlas.cz/kultura/vytvarne-umeni/kroje-pro-tradicni-slavnosti-i-pro-miss-umeni-krejcove-jany-hrdinove-ze-sudomere_2604060708_dci;https://www.idnes.cz/ekonomika/domaci/jana-hrdinova-svadlena-jihocesky-kroj-statek-deti.A250501_141605_ona-vztahy_vals#utm_source=rss&utm_medium=feed&utm_campaign=ekonomikah&utm_content=main;čekáme;
12 – Strakonice;NE;Kalina;Petr;Ing.;1972;starosta;ANO;;;;;;;;;
15 – Pelhřimov;NE;Chalupský;Jaroslav;Ing.;1974;senátor, zastupitel, ekonom, podnikatel;Srdcem a rozumem;;Ing. Jaroslav Chalupský - Hlídač státu.;https://www.facebook.com/jarda.chalupsky;@jardachalupsky;https://www.srdcemrozumem.cz/blog/tag/senat/;https://www.irozhlas.cz/zpravy-domov/senator-chalupsky-chce-do-senatu-radeji-jako-nezavisly-svobodni-se-spojuji-s-spd_2601160700_jgr?utm_source=programydovoleb.cz;https://jindrichohradecky.denik.cz/zpravy-region/sazeni-stromku-skoly-region-senator-jaroslav-chalupsky-jindrichuv-hradec/;  ;
15 – Pelhřimov;NE;Kozár;Michal;Mgr. Ing. MBA;1983;právník, politik;ANO;;;;;;;;;
15 – Pelhřimov;NE;Kubisková;Karolína;Ing.;1984;podnikatelka, ekonomka, politička;Výzva 2025;;Ing. Karolína Kubisková - Hlídač státu.;;;;; ;;
15 – Pelhřimov;ANO;Med;Ladislav;;1960;starosta, ekonom;ODS;STO, STAN, TOP09, lidovci;Ladislav Med - Hlídač státu.;https://www.facebook.com/profile.php?id=100006612977940;0;https://ladislavmed.cz/;https://www.ods.cz/region.vysocina/profil/1097-ladislav-med;https://pr.denik.cz/doporucujeme/slavime-cely-rok-nudit-se-nebudete-rika-starosta-pelhrimova-ladislav-med/;podepsáno;info@ladislavmed.cz, ladislavmed.cz
15 – Pelhřimov;NE;Pavlů Řádová;Lucie;Mgr.;1983;podnikatelka, politička;SPD;;Lucie Pavlů Řádová - Hlídač státu.;;;;;;;
18 – Příbram;NE;Daňhová;Barbora;MUDr. MHA;1973;lékařka, zastupitelka;ANO;;;;;;;;;
18 – Příbram;ANO;Luftová;Simona;Mgr.;1973;učitelka, manažerka, politička;Piráti;Zelení;https://www.hlidacstatu.cz/osoba/simona--luftova;https://www.facebook.com/simona.luftova;@simona_luftova_zastupitelka;simonaluftova.cz/?fbclid=IwY2xjawTQNO9leHRuA2FlbQIxMABzcnRjBmFwcF9pZBAyMjIwMzkxNzg4MjAwODkyAAEeCnM_5Yg1Yjv2PAPzP6YRGQnpE2odOBeNgjYupJ9mENOOw4Az2epnsxqY8uQ_aem_swsFXhIiqqLyhpYeFsPUkw;https://cs.wikipedia.org/wiki/Simona_Luftov%C3%A1;https://www.pribram.cz/clanek/predstavujeme-simona-luftova-kandiduje-do-senatu/17389/;čekáme;
18 – Příbram;ANO;Štěpánek;Petr;;1964;senátor, starosta, dobrovolný hasič;STAN;ODS;https://www.hlidacstatu.cz/osoba/petr-stepanek;https://www.facebook.com/stepanek.senator;@stepanek.senator;https://petr-stepanek.cz/;https://cs.wikipedia.org/wiki/Petr_%C5%A0t%C4%9Bp%C3%A1nek_(politik_STAN);https://pribramsky.denik.cz/zpravy-region/petr-stepanek-nejsem-priznivcem-koalic-a-opozic-na-radnicich/;čekáme;
21 – Praha 5;NE;Brož;Lubomír;Ing.;1966;politik, manažer;ANO;;;;;;;;;
21 – Praha 5;ANO;Láska;Václav;Mgr.;1966;senátor, policista, politik, advokát;SEN 21;;https://www.hlidacstatu.cz/osoba/vaclav-laska;https://www.facebook.com/vaclav.laska;@vaclavlaska;https://www.vaclavlaska.cz/;https://cs.wikipedia.org/w/index.php?title=V%C3%A1clav_L%C3%A1ska_(politik)&utm_source=programydovoleb.cz;https://www.irozhlas.cz/zpravy-domov/volit-od-sestnacti-vtahneme-je-do-verejne-sfery-navrhuje-laska-feber-berou-vse_2606192257_vsn;podepsáno;marie.ambrozkova@vaclavlaska.cz
21 – Praha 5;NE;Prokšanová;Petra;Mgr.;1985;marketérka, socioložka, politička;KSČM;;;;;;;;;
21 – Praha 5;ANO;Sáblík;Radko;Ing.;1962;pedagog, spisovatel, politik;ODS;lidovci, STAN;https://www.hlidacstatu.cz/osoba/radko-sablik;https://www.facebook.com/sablikdosenatu;@sablikdosenatu;https://www.sablikdosenatu.cz/;https://zpravy.aktualne.cz/domaci/bezny-clanek-gg-lqx7ohphgw0psdwaesgboa/r~aaa29fc785043f251a76fb9e0456515a/;https://archiv.hn.cz/c1-67851000-nechava-zaky-misto-skoly-zakladat-start-upy-nyni-oblibeny-reditel-kandiduje-do-senatu-kampan-mu-delaji-studenti;čekáme;
21 – Praha 5;ANO;Šarapatka;Zdeněk;PaedDr. PhD.;1958;Publicista, politický komentátor, pedagog, bývalý radní ČT;TOP09;Piráti, LES;0;https://www.facebook.com/zsarapatka/;@zsarapatka;https://www.zdeneksarapatka.cz/;https://www.irozhlas.cz/zpravy-domov/zeman-se-omluvil-sarapatkovi-za-dehonestujici-vyroky-soucasti-narizeni-soudu-je_2501302230_adn;https://cs.wikipedia.org/wiki/Zden%C4%9Bk_%C5%A0arapatka;čekáme;
24 – Praha 9;ANO;Batyiová;Darina;;1982;finanční analytička;Hnutí Kruh;;0;0;@darina.batyiova;https://www.hnutikruh.cz/volby/kandidatky/darina-batyiova; ; ;čekáme;
24 – Praha 9;NE;Čižinský;Pavel;Mgr.;1976;advokát a komunální politik;Levice;;;;;https://jsmelevice.cz/nasi-lide/clenstvo/pavel-cizinsky/;;;;
24 – Praha 9;ANO;Pecková;Dagmar;;1961;operní pěvkyně, zakladatelka a umělecká ředitelka festivalu Zlatá Pecka;ODS;;https://www.hlidacstatu.cz/osoba/dagmar-peckova-2;https://www.facebook.com/dagmar.peckova.39;@dagmar_peckova_official;https://www.dagmarpeckova.com/;https://www.irozhlas.cz/zpravy-domov/jsem-pravicova-liberalka-pevkyne-peckova-vyzve-za-ods-v-praze-9-v-senatnich_2606121734_jgr;https://www.prazskypatriot.cz/operni-pevkyne-peckova-zahajila-senatni-kampan-v-praze-9-kandiduje-za-ods-a-top-09/?utm_source=programydovoleb.cz;čekáme;
24 – Praha 9;ANO;Smoljak;David;-;1959;scénárista, publicista, senátor;STAN;TOP09, lidovci, Zelení, Piráti;https://www.hlidacstatu.cz/osoba/david-smoljak;https://www.facebook.com/david.smoljak;@david_smoljak;https://www.davidsmoljak.cz/;https://www.irozhlas.cz/zpravy-domov/smoljak-v-zahranici-debatuji-o-zmenach-financovani-verejnopravnich-medii-vsichni_2603260010_lar;https://cs.wikipedia.org/wiki/David_Smoljak;čekáme;
24 – Praha 9;NE;Žalud;Radek;;1985;zpěvák;ANO;;;;;;;;;
27 – Praha 1;ANO;Čižinský;Jan;Mgr.;1978;starosta, pedagog, skaut;Praha sobě;lidovci, Zelení;https://www.hlidacstatu.cz/osoba/jan-cizinsky;https://www.facebook.com/jenda.cizinsky/;@cizinskyjan;https://cs.wikipedia.org/wiki/Jan_%C4%8Ci%C5%BEinsk%C3%BD;https://www.irozhlas.cz/zpravy-domov/cizinsky-praha-stredni-skoly-nedostatek-mist_2305250010_pj;https://www.youtube.com/watch?app=desktop&si=Z8Hs-qEs00LY9_aR&fbclid=PAZXh0bgNhZW0CMTEAc3J0YwZhcHBfaWQPOTM2NjE5NzQzMzkyNDU5AAGnFpzoJ1GOX3Z0R8QLBwted78ghwUbW3lLEeqKhdx2T4kFFo8HKSFexu_Fis0_aem_6KcGRR6Y6aJEnatlehdrVQ&v=K0oYJYOLdQQ&feature=youtu.be;ANO;jancizinsky@seznam.cz, 774828345
27 – Praha 1;NE;Grabein Procházka;Karel;;1960;místní politik, podnikatel;ANO;;;;;;;;;
27 – Praha 1;ANO;Padevět;Jiří;PhDr.;1966;spisovatel, knihkupec, nakladatel;STAN;ODS, Piráti, TOP09;0;https://www.facebook.com/padevet;@padevetjiri;https://cs.wikipedia.org/wiki/Ji%C5%99%C3%AD_Padev%C4%9Bt?utm_source=programydovoleb.cz;https://archiv.hn.cz/c1-65958220-vyroci-17-listopadu-je-posledni-svatek-ktery-lide-v-cesku-jeste-opravdu-slavi-rika-historik-jiri-padevet;https://podcasty.hn.cz/c1-66795420-studoval-geodezii-a-touzil-po-praci-v-antikvariatu-jiri-padevet-o-spisovatelskych-zacatcich-a-ceske-historii;čekáme; 
27 – Praha 1;NE;Ryvola;Vojtěch;Ing.;1964;politik, podnikatel;GEN;;;;;;https://cs.wikipedia.org/wiki/Vojt%C4%9Bch_Ryvola;; ;
27 – Praha 1;ANO;Štern;Jan;Ing.;1953;dramaturg, producent, politik;Jsme TEAM;;0;https://www.facebook.com/jan.stern.988;@jsme.praha;https://www.jsme.team/nase-teamy/stern-do-senatu/;https://www.idnes.cz/zpravy/domaci/hnuti-ktere-prevzal-wagenknecht-po-hilserovi-zabojuje-i-o-senatni-kreslo.A260619_114751_domaci_kop;https://cs.wikipedia.org/wiki/Jan_%C5%A0tern_(producent);ANO;
30 – Kladno;NE;Gerloch;Aleš;Prof. JUDr. CSc.;1955;právník, politik;ANO;;;;;;;;;
30 – Kladno;ANO;Paták;Petr;Mgr., DiS., MBA;1985;pedagog, ředitel SŠ, zastupitel;ODS;lidovci;0;https://www.facebook.com/petrpatak/;@petrpatak, @reditel_v_akci;https://www.petrpatak.cz/;https://www.mujrozhlas.cz/host-radiozurnalu/stredocesky-zlaty-amos-zamiloval-jsem-se-do-skolni-restaurace-spoustu-veci-musime;https://strednicechy.rozhlas.cz/petr-patak-je-pedagog-ktereho-si-studenti-vazi-nezlehcuje-nas-nasloucha-nam-a-9591156;čekáme;
30 – Kladno;NE;Peková;Soňa;MUDr. PhD.;1974;molekulární genetička;nezávislá;;;;;;https://www.forum24.cz/nasi-politiku-zachrani-vesmirne-duchovni-sily-sona-pekova-chce-byt-senatorkou?utm_source=programydovoleb.cz;; ;
30 – Kladno;NE;Pelc;Jaroslav;Mgr. ;1971;policista, politik;Přísaha;;;;;;;;;
30 – Kladno;ANO;Sucharda Šípová;Adéla;Mgr.;1980;advokátka, senátorka;Piráti;STAN, TOP 09, Zelení, SEN 21;https://www.hlidacstatu.cz/osoba/adela-sipova;https://www.facebook.com/adelasipovasenat;@adela_sipka;https://www.adelasipova.cz/;https://plus.rozhlas.cz/sipova-kritizuje-novelu-o-lobbingu-verejnost-se-nedovi-kdo-u-koho-lobboval-a-v-9479050;https://www.heroine.cz/clanky/autor/70000341-adela-sipova;ANO;barbora.vaicova@gmail.com, 770113640
33 – Děčín;NE;Hejcman;Michal;prof. RNDr., Ph.D. et Ph.D.;1976;geobotanik, pedagog, písničkář;ANO;;;;;;;;;
33 – Děčín;ANO;Linhart;Zbyněk;Ing.;1968;senátor, starosta, politik;STAN;SLK;https://www.hlidacstatu.cz/osoba/zbynek-linhart;https://www.facebook.com/linhart.krasnalipa/;@linhartzbynek;https://www.zbyneklinhart.cz/;https://www.irozhlas.cz/zpravy-domov/do-zaostavajicich-regionu-jde-jen-zlomek-penez-ministri-o-tom-vedi-ale-neresi_2404201647_elev?_ga=2.73746258.1104566952.1785149220-20333435.1785149220;https://www.ceskatelevize.cz/porady/10095426857-interview-ct24/220411058041005/;čekáme;
33 – Děčín;ANO;Štross;Miroslav;Ing. arch.;;architekt;Zelení;Piráti, Sen21, Hnutí Kruh;0;https://www.facebook.com/miroslav.stross;@miroslavstross;https://miroslav.zeleni.cz/;0;0;ANO;miroslav.stross@zeleni.cz
36 – Česká Lípa;NE;Půta;Martin;Bc.;1971;starosta, hejtman;SLK;STAN;https://www.hlidacstatu.cz/osoba/martin-puta;https://www.facebook.com/hejtmanmartinputa;@hejtmanmartinputa;"https://hejtmandosenatu.cz/
https://martinputa.cz/";https://liberec.rozhlas.cz/hejtman-martin-puta-nechci-kandidovat-kvuli-imunite-9621390;https://www.irozhlas.cz/zpravy-domov/favorit-nejsem-puta-miri-do-senatu-uspet-chce-i-diky-planu-na-ekonomicke-vyhody_2606261152_jgr?utm_source=programydovoleb.cz; ;
36 – Česká Lípa;NE;Volfová;Jitka;Ing.;1968;starostka, poslankyně;ANO;;;;;;;;;
36 – Česká Lípa;ANO;Vomáčka;Vít;Ing., MBA;1960;politik, pedagog, zootechnik;ODS;;https://www.hlidacstatu.cz/osoba/vit-vomacka;https://www.facebook.com/groups/508784389140614/;0;https://www.vitvomacka.cz/;https://xtv.cz/x-talk/euro-nebo-koruna-je-mi-zcela-jedno-cim-budu-platit-dovoz-ukrajinskeho-obili-kazi-trh-musi-se-zprisnit-media-lidi-strasi-energie-jsme-zvladli-neni-zase-tak-moc-zle-vit-vomacka;https://denikn.cz/minuta/1516664/;čekáme;
36 – Česká Lípa;ANO;Vosecký;Jiří;0;1951;senátor, sklář;nezávislý;;https://www.hlidacstatu.cz/osoba/jiri-vosecky;https://www.facebook.com/senatorvosecky/;@jiri_vosecky;https://www.jirivosecky.cz/;https://www.seznamzpravy.cz/clanek/domaci-politika-senator-jiri-vosecky-se-rozhodl-opustit-hnuti-starostove-pro-liberecky-kraj-303251; https://liberec.rozhlas.cz/sklari-jsou-srdcari-do-14-dnu-jsme-schopni-obnovit-vyrobu-rika-jiri-vosecky-o-9569843;čekáme;
39 – Trutnov;NE;Beran;Hynek;;1961;energetik;nezávislý;;;;;;https://pagenotfound.cz/clanek/energetik-beran-stavi-obcanske-hnuti-zalozene-na-odporu-k-vetrne-energii;https://www.lidovky.cz/domov/migranti-nebudou-a-bude-prijemne-prazskym-primatorem-za-spd-chce-byt-byvaly-sef-zednaru.A180624_113332_ln_domov_rsa; ;
39 – Trutnov;NE;Chovancová;Zuzana;MUDr.;;lékařka, politička;ANO;;;;;;;;;
39 – Trutnov;NEVÍM;Jarošová;Dita;;;výtvarnice, zpěvačka, spisovatelka, blogerka;LANO (Liberální aliance nezávislých občanů); ;0;https://www.facebook.com/dita.jarosova;0;https://volimlano.cz/uncategorized/senatni-a-komunalni-volby-2026/;https://cs.wikipedia.org/wiki/Liber%C3%A1ln%C3%AD_aliance_nez%C3%A1visl%C3%BDch_ob%C4%8Dan%C5%AF;https://blog.idnes.cz/ditajarosova; ;
39 – Trutnov;ANO;Sobotka;Jan;Ing.;1961;starosta, senátor;STAN;;https://www.hlidacstatu.cz/osoba/jan-sobotka-16;https://www.facebook.com/jansobotkavrchlabi;0;https://www.jansobotka.cz/;https://hradec.rozhlas.cz/senat-ma-byt-protivahou-poslanecke-snemovny-na-podzim-chci-post-obhajit-rika-9594890;https://www.idnes.cz/hradec-kralove/zpravy/profil-senator-jan-sobotka-vrchlabi.A180119_377312_hradec-zpravy_the;čekáme;
42 – Kolín;NE;Brzobohatá;Andrea;MBA;1971;politička, manažerka;ANO;;;;;;;;;
42 – Kolín;ANO;Kašpar;Michael;Mgr.;1983;starosta, pedagog;STAN;;https://www.hlidacstatu.cz/osoba/michael-kaspar;https://www.facebook.com/michael.kaspar.90;@michael.kaspar;https://www.kasparmichael.cz/;https://strednicechy.rozhlas.cz/michael-kaspar-hostem-tomase-pancire-kdy-se-docka-kolin-dlouho-pripravovaneho-9596632;https://kolinsky.denik.cz/zpravy-region/starosta-michael-kaspar-kandiduje-do-senatu-oznameni-zprava/;podepíše 22.8. po dovolené;
42 – Kolín;NE;Sehnal;Pavel;Ing.;1964;podnikatel;Aliance pro budoucnost;;;;;https://cs.wikipedia.org/wiki/Pavel_Sehnal;;;;
42 – Kolín;ANO;Schulz;Roman;Mgr.;1968;pedagog, politik;ODS;;https://www.hlidacstatu.cz/osoba/roman-schulz-1;https://www.facebook.com/schulz.roman;@romanschulz_starosta;https://www.ods.cz/region.stredocesky/profil/9513-roman-schulz?utm_source=programydovoleb.cz;https://nymbursky.denik.cz/zpravy-region/starosta-podebrady-roman-schulz-kandidatura-senat-kolin/;https://talk.youradio.cz/porady/radio-patriot/rozhovor-roman-schulz-starosta-mesta-podebrady-15-4-2024;čekáme;
42 – Kolín;NE;Třeštik;František;;;;JaSaN (Jasný Signál Nezávislých);;;;;;;;;
45 – Hradec Králové;ANO;Ceralová Petrofová;Zuzana;Mgr.;1968;podnikatelka (klavíry Petrof);ODS;lidovci;https://www.hlidacstatu.cz/osoba/zuzana-ceralova-petrofova;https://www.facebook.com/ceralovapetrofova;@susan_petrof;https://ceralovapetrofova.cz/;https://vysocina.rozhlas.cz/petrof-prezil-valky-i-znarodneni-dnes-vyrabi-klaviry-za-miliony-a-drevo-bere-z-9624793;https://hradec.rozhlas.cz/me-velke-prani-je-aby-v-tradici-pokracovala-dal-moje-rodina-rika-prezidentka-9272576;čekáme;
45 – Hradec Králové;ANO;Dvořák;Martin;Ing;1956;politik, diplomat, ekonom, publicista;STAN;Piráti, TOP09, Zelení, Volt, LES (Liberálně ekologická strana), HDK (Hradecký demokratický klub),   Soukromníci (Strana soukromníků ČR);https://www.hlidacstatu.cz/osoba/martin-dvorak-1;https://www.facebook.com/MartinDvorakSTAN/;@dvorakstan_;https://www.martindvorak.cz/;https://radiozurnal.rozhlas.cz/zabranit-ruskemu-vmesovani-do-ceskych-voleb-do-snemovny-bude-tezke-obava-se-9381914?utm_source=programydovoleb.cz;https://ct24.ceskatelevize.cz/clanek/domaci/evropu-cekaji-spatne-casy-pokud-se-neprobere-obava-se-exministr-dvorak-369560;ANO;
45 – Hradec Králové;NE;Holásek;Jan;JUDr., LL. M.;1972;advokát, senátor, zastupitel;Naše Česko;Rozvíjíme Hradec, VPM (Volba pro město), HP (Hradečtí patrioti), My;;;;;;;;
45 – Hradec Králové;NE;Hůlková;Jana;DiS.;1984;politička, zdravotnice;ANO;;;;;;;;;
45 – Hradec Králové;ANO;Nebeská;Monika;Ing.;1969;manažerka, inženýrka a ekonomka;nezávislá;;https://www.hlidacstatu.cz/osoba/monika-nebeska;https://www.facebook.com/profile.php?id=61591398405617;@monikanebeska.cz;https://monikanebeska.cz/;https://www.youtube.com/watch?v=Zb0DIUPPO2Y;https://hradec.rozhlas.cz/citim-se-nebesky-rika-prvni-predsedkyne-predstavenstva-zemedelskeho-druzstva-u-8282244;čekáme;
48 – Rychnov nad Kněžnou;ANO;Grulich;Jan;Mgr.;1975;senátor, zastupitel a ředitel ZŠ a MŠ;TOP09;STAN, Piráti, lidovci, ODS, LES;https://www.hlidacstatu.cz/osoba/jan-grulich-6;https://www.facebook.com/senatorzhor;@senatorzhor;https://grulich.cz/;https://hradec.rozhlas.cz/senator-grulich-hybridni-valka-nas-ma-postvat-proti-sobe-delame-si-nepratele-ve-9596427;https://hradec.rozhlas.cz/ucitele-meli-umet-najit-ten-zdravy-pomer-mezi-vedomostmi-a-dovednostmi-rika-9133108;čekáme;
48 – Rychnov nad Kněžnou;ANO;Mottl;Luboš;Ing. ;1962;zastupitel, ředitel nemocnice;ODS;;https://www.hlidacstatu.cz/osoba/lubos-mottl;https://www.facebook.com/lubos.mottl.3;@lubos.mottl;https://www.ods.cz/profil/1076-lubos-mottl;https://www.irozhlas.cz/zivotni-styl/zdravi/v-rychnove-nad-kneznou-finisuje-stavba-urgentniho-prijmu-zasadne-zvysi-komfort_2509220530_tkp?_ga=2.154530044.511469463.1785235924-1642754141.1785235924; ;čekáme;
48 – Rychnov nad Kněžnou;NE;Sadovský;Petr;PhDr. MBA;1969;zastupitel, radní;ANO;;;;;;;;;
51 – Žďár nad Sázavou;ANO;Černý;Radek;MUDr.;1973;lékař, zastupitel;ODS;Piráti, STO (Starostové pro občany);https://www.hlidacstatu.cz/osoba/radek-cerny;https://www.facebook.com/profile.php?id=61572636123772&;@radek_cernyzr;https://www.cernydosenatu.cz/;https://zdarsky.denik.cz/zpravy-region/znamy-lekar-radek-cerny-jde-do-voleb-na-zdarsku-chce-do-senatu/;https://www.ods.cz/profil/1472-radek-cerny;čekáme;
51 – Žďár nad Sázavou;ANO;Klement;Josef;Ing.;1971;senátor, zastupitel, programátor;lidovci;STAN;https://www.hlidacstatu.cz/osoba/josef-klement;https://www.facebook.com/josef.klement.50;@senatorjosefklement;https://josefklement.cz/;https://cs.wikipedia.org/wiki/Josef_Klement; ;čekáme;
51 – Žďár nad Sázavou;NE;Koten;Radek;0;1965;politik;SPD;;;;;;;;;
51 – Žďár nad Sázavou;NEVÍM;Šmarda;Michal;0;1975;starosta, politik;Volt;;;;;;;;čekáme;
54 – Znojmo;NEVÍM;Beranová;Bohumila ;;1973;místostarostka Znojma;nezávislá;;https://www.hlidacstatu.cz/osoba/bohumila-beranova;https://www.facebook.com/bohumilaberanovanezavisla/;@bohumila_beranova;https://www.znojmocity.cz/bohumila-beranova/o-3310;https://znojemsky.denik.cz/zpravy-region/zmeny-radnice-vedeni-mesta-znojmo-mistostarostka-beranova/;https://www.i-rozhovory.cz/mesto-znojmo-rozhodne-zije-bohatym-kulturnim-zivotem-rika-mistostarostka-bohumila-beranova/; ;
54 – Znojmo;NE;Černý;Pavel;;;;Přísaha;;;;;;;;;
54 – Znojmo;NE;Janda;Michal;;;;Svobodní;;;;;;;;;
54 – Znojmo;NE;Kyněra;Jiří;;;;ANO;;;;;;;;;
54 – Znojmo;NEVÍM;Růžička;Jindřich;;1977;podnikatel;nezávislý;;;https://www.facebook.com/jindradosenatu;@jindradosenatu;https://jindrichruzicka.cz/;https://www.znojemsko.cz/kdo-chce-do-senatu-prvni-jmena-kandidatu-se-objevuji;znojemsko.cz/predseda-jindrich-ruzicka-kdyz-mladeznicky-fotbal-uchopite-za-spravny-konec-je-to-zacatek; ;
54 – Znojmo;ANO;Třetina;Tomáš;Mgr.;1972;senátor, pedagog, starosta;TOP09;lidovci, STAN, Piráti, ODS;https://www.hlidacstatu.cz/osoba/tomas-tretina;https://www.facebook.com/starosta.tretina;@tomastretina;https://tomastretina.cz/;https://ct24.ceskatelevize.cz/video/starosta-moravskeho-krumlova-tomas-tretina-top-09-o-jednani-s-prahou-122955;https://www.top09.cz/volby/2026-senat/mgr-tomas-tretina-32954.html;čekáme;
57 – Vyškov;NE;Absolonová;Petra;;;vrchní sestra;ANO;;;;;;;;;
57 – Vyškov;NE;Fládr;Jaroslav;;;;Přísaha;;;;;;;;;
57 – Vyškov;ANO;Grolich;Jan;Mgr.;1984;hejtman, politik, advokát;lidovci;STAN, Piráti, ODS, TOP09;https://www.hlidacstatu.cz/osoba/jan-grolich-1;https://www.facebook.com/HejtmanJMK;@hejtmangrolich;https://jangrolich.cz/;https://ct24.ceskatelevize.cz/video/interview-ct24-hejtman-jihomoravskeho-kraje-jan-grolich-kdu-csl-230297;https://www.idnes.cz/zpravy/domaci/petr-pavel-prezident-jan-grolich-predseda-kducsl-prazsky-hrad-schuzka.A260720_132435_domaci_meli;čekáme;
57 – Vyškov;NE;Masařík;Jiří;;;;SPD;;;;;;;;;
60 – Brno-město;NE;Holcnerová;Veronika;;1984;datová inženýrka, aktivistka;Hnutí Kruh;;0;https://www.facebook.com/xanthu;@veronikaholcnerova;https://www.hnutikruh.cz/volby/kandidatky/veronika-holcnerova;https://www.irozhlas.cz/veda-technologie/priroda/macinka-holcnerova-klimaticti-aktiviste-pro-a-proti_2310242029_cen?_ga=2.206045203.1448051778.1785245735-1569960458.1785245727;https://ceskepodcasty.cz/podcast/lepsi-vedet/veronika-holcnerova-rozhovor;NE;
60 – Brno-město;ANO;Papoušek;Zdeněk ;PhDr.;1956;senátor, pedagog, sociolog, dramatik;ODS;lidovci, Piráti, Zelení, TOP09, Fakt Brno;https://www.hlidacstatu.cz/osoba/zdenek-papousek;https://www.facebook.com/zdenalvsenatu;@zdenal_v_senatu;https://www.zdenaldosenatu.cz/;https://www.youtube.com/watch?v=gG5NuUrdnsg;https://www.youtube.com/watch?v=gG5NuUrdnsg;čekáme;
60 – Brno-město;NE;Štěrba;Jaroslav;;;;ANO;;;;;;;;;
60 – Brno-město;NE;Turánek;Jaroslav;;;;SPD;;;;;;;;;
60 – Brno-město;ANO;Zitterbart;Karel;MUDr., PhD.;1978;senátor, onkolog, dětský lékař;STAN;;https://www.hlidacstatu.cz/osoba/karel-zitterbart;https://www.facebook.com/kareldosenatu/;@karelzitterbart;https://www.starostove.cz/persons/karel-zitterbart;https://vyskovsky.denik.cz/zpravy-region/hejtman-jan-grolich-jihomoravsky-kraj-senat-volby-2026-vyskov-karel-zitterbart/;https://www.ceskatelevize.cz/porady/1126672097-otazky-vaclava-moravce/224411030511208/cast/1084117/;čekáme;
63 – Přerov;NE;Chromec;Dan;;;;SPD;;;;;;;;;
63 – Přerov;ANO;Navařík;Jakub;Mgr., PhD.;1986;fyzik, manažer, učitel, zastupitel;ODS;lidovci, TOP09, STAN;https://www.hlidacstatu.cz/osoba/jakub-navarik;https://www.facebook.com/jakubnavarik;@jakubnavarik;https://www.jakubnavarik.cz/;https://www.zurnal.upol.cz/nc/zprava/clanek/letosni-vitez-souteze-podnikava-hlava-jakub-navarik-nejradeji-odpociva-aktivne/;https://cs.wikipedia.org/wiki/Jakub_Nava%C5%99%C3%ADk?utm_source=programydovoleb.cz;čekáme;
63 – Přerov;NE;Obrtel;Marek;;1966;lékař, záchranář;ČSNS (Česká strana národně sociální);;;;;;https://www.idnes.cz/zpravy/domaci/obrtel-se-vzdava-vyznamenani-na-protest-proti-nato.A141229_122209_domaci_zt;; ;
63 – Přerov;NE;Vrána;Petr;;;;ANO;;;;;;;;;
66 – Litovel;NE;Jelínek;Pavel;;;;SPD;;;;;;;;;
66 – Litovel;ANO;Kohajda;Michael;doc. JUDr., PhD.;1981;politik, právník, učitel;lidovci;;https://www.hlidacstatu.cz/osoba/michael-kohajda;https://www.facebook.com/michaelkohajda;@michael.kohajda;https://kohajdadosenatu.cz/;https://www.zurnal.upol.cz/nc/zprava/clanek/rektor-michael-kohajda-musime-hledat-nove-cesty-abychom-obstali-v-menicim-se-svete/;https://ct24.ceskatelevize.cz/video/mistopredseda-kdu-csl-michael-kohajda-ke-statnimu-rozpoctu-229464;čekáme;
66 – Litovel;ANO;Ošťádal;Marek;;1973;senátor, grafik, hudebník;nezávislý? (minule STAN);;https://www.hlidacstatu.cz/osoba/marek-ostadal;https://www.facebook.com/MOstadal;@m_ostadal;https://www.marekostadal.cz/;https://olomouc.rozhlas.cz/marek-ostadal-hanacke-patriot-6393684;https://ct24.ceskatelevize.cz/clanek/domaci/senatorem-za-olomouc-bude-marek-ostadal-ze-stan-44011;ANO;nechtějí
66 – Litovel;NE;Škurek;Martin;JUDr., PhD.;1984;právník, politik, pedagog;ANO;;;;;;;;;
69 – Frýdek-Místek;ANO;Korč;Petr;Bc.;1976;primátor, politik, podnikatel;NMFM (Naše město F-M);;https://www.hlidacstatu.cz/osoba/petr-korc-1;https://www.facebook.com/petrkorcnasemesto/;@petr_korc_lidr_naseho_mesta;https://www.petrkorc.cz/;https://ct24.ceskatelevize.cz/clanek/regiony/zastupitele-frydku-mistku-odvolali-primatora-korce-374415;https://www.facebook.com/reel/865887656037880;;
69 – Frýdek-Místek;NEVÍM;Navrátil;Zdeněk;;1964;;rEvoluce;;;https://www.facebook.com/zdenek.navratil.12;@z.navratil;;https://www.idnes.cz/ostrava/zpravy/rozhovor-zdenek-navratil-hala-basketbal-mirai.A200212_532643_ostrava-zpravy_woj;https://fm.denik.cz/zpravy-region/rozhovor-zdenek-navratil-o-sportu-politicich-i-vychove-synu/; ;
69 – Frýdek-Místek;ANO;Pešatová;Helena;RNDr.;1959;senátorka, starostka;STAN;TOP09, Piráti;https://www.hlidacstatu.cz/osoba/helena-pesatova-1;https://www.facebook.com/helenapesatova.senatorka;@senatorka.helena.pesatova;https://helenapesatova.cz/;https://polar.cz/zpravy/frydeckomistecko/frydlant-nad-ostravici/11000054488/helena-pesatova-pro-frydlant;https://cs.wikipedia.org/wiki/Helena_Pe%C5%A1atov%C3%A1?utm_source=programydovoleb.cz;čekáme;
69 – Frýdek-Místek;NE;Šimoňáková;Šárka ;Ing.;1983;politička, finanční analytička;ANO;;;;;;;;;
72 – Ostrava-město;NE;Baránková;Lucie ;Ing., PhD.;1984;politička;ANO;;;;;;;;;
72 – Ostrava-město;ANO;Šimetka;Ondřej ;doc. MUDr., Ph.D. MBA;1970;lékař, senátor;ODS;STAN, Piráti, lidovci, TOP90;https://www.hlidacstatu.cz/osoba/ondrej-simetka;https://www.facebook.com/senatorsimetka;@senator_ondrej_simetka;https://ondrejsimetka.cz/;https://www.ceskatelevize.cz/porady/10095426857-interview-ct24/220411058041209/;https://www.irozhlas.cz/zivotni-styl/zdravi/regulace-domacich-porodu-je-nutne-vyjit-z-sede-zony-shoduji-se-lekar-a-porodni_2409052340_kvr?_ga=2.135447281.1767448195.1785317115-799172537.1785317115;čekáme;
75 – Karviná;NE;Brzyskowská;Lenka ;;1976;politička, podnikatelka;ANO;;;;;;;;;
75 – Karviná;NE;Galia;Roman;Mgr. Bc.;1974;místostarosta;SOCDEM;;;;;;;;;
75 – Karviná;ANO;Kazík;Petr;Ing., PhD.;1964;pedagog, ředitel divadla, podnikatel;OK (Osobnosti pro Karvinsko);;https://www.hlidacstatu.cz/osoba/petr-kazik;https://www.facebook.com/petr.kazik.1ttttttrtttyd;@kazikpetr;https://www.petrkazik.cz/;https://www.idnes.cz/ostrava/zpravy/kazik-slezske-divadlo-opava-komanek-reditel.A230930_010700_ostrava-zpravy_jog;https://polar.cz/zpravy/moravskoslezsky-kraj/cely-ms-kraj/11000056020/petr-kazik;ANO;
75 – Karviná;ANO;Černá;Aleš;MUDr.;1978;zubní lékař;ODS;Soukromníci (S);0;https://www.facebook.com/profile.php?id=61572227859791;@ales_polach;https://polachdosenatu.cz/;https://www.facebook.com/watch/?v=1730614754950041; ;;
75 – Karviná;ANO;Plevný;Mariam ;MUDr.;1981;zubní lékařka, zastupitelka;Piráti;STAN, Zelení, TOP09, SEN21 ;https://www.hlidacstatu.cz/osoba/mariam-szyja;https://www.facebook.com/mariam.szyja;@mariam_szyja;https://mariamszyja.cz/;https://moravskoslezsky.pirati.cz/aktuality/zubarka-z-karvine-miri-do-senatu-stat-by-nemel-lidem-urcovat-jak-maji-zit-rika-mariam-szyja/; ; ;
78 – Zlín;ANO;Dlouhý;Pavel ;Mgr., MBA;;ředitel ZŠ, pedagog;SEN21;;;https://www.facebook.com/profile.php?id=61574362502198#;@pavel.dlouhy.senat;;;;;
78 – Zlín;NE;Doleček;Jan ;;;vydavatel;KSČM;;;;;;;;;
78 – Zlín;ANO;Steiner;Tomáš ;Ing.;1968;senátor, zastupitel, ekonom, daňový poradce;ODS;TOP09, lidovci;https://www.hlidacstatu.cz/osoba/tomas-golan-3;https://www.facebook.com/golan.tomas;@tomasgolansenator;https://www.tomasgolan.cz/;https://www.irozhlas.cz/zpravy-domov/dalsi-plany-martina-kuby-a-kupky-ods-se-mela-zacit-divat-co-chteji-volici-mini_2512011939_med?_ga=2.28015418.703328116.1785320471-707705128.1785320471;https://ct24.ceskatelevize.cz/clanek/domaci/golan-a-mrackova-vildumetzova-debatovali-o-novele-o-verejnych-rozpoctech-374692; ;
78 – Zlín;ANO;Trešl;Ivo;PhDr. Mgr.;1972;politik, odborník na krizovou komunikaci, tiskový mluvčí, zastupitel;STAN;;https://www.hlidacstatu.cz/osoba/ivo-mitacek-1;https://www.facebook.com/ivo.mitacek/;@ivo.mitacek;https://www.ivomitacek.cz/;https://www.metro.cz/kraje/zlinsky-kraj/ivo-mitacek-bude-kandidovat-do-senatu-ve-zlinskem-obvodu-s-podporou-stan.A260618_183138_metro-zlin-zpravy_air?utm_source=programydovoleb.cz;https://ct24.ceskatelevize.cz/clanek/media/mluvcim-roku-ivo-mitacek-cenu-ziskala-i-ct24-267957;čekáme;
78 – Zlín;NE;Navrátilová;Andrea ;;;právnička;PRO (Pro Právo Respekt Odbornost);;;;;;;;;
78 – Zlín;NE;Sedlařík;Vladimír;prof. Ing., Ph.D.;1980;chemik, pedagog;ANO;;;;;;;;;
81 – Uherské Hradiště;NE;Balaštíková;Margit ;;;;nezávislá;;;;;;;;;
81 – Uherské Hradiště;ANO;Janský;Josef;0;1960;senátor, starosta, folklorista;lidovci;STAN, TOP09;https://www.hlidacstatu.cz/osoba/josef-bazala;https://www.facebook.com/BazalaJosef;0;https://www.bazaladosenatu.cz/;https://www.youtube.com/watch?v=cNnTh4YQVUg;https://ct24.ceskatelevize.cz/video/starosta-stareho-mesta-josef-bazala-kdu-csl-o-kaceni-mladych-stromu-135592; ;
81 – Uherské Hradiště;NE;Vašica;Jiří ;DiS.;;zastupitel, záchranář;ANO;;;;;;;;;
